ID / Controllo,Stato Corrente,Requisito ISO 27001 - sintesi del gruppo,Severita potenziale,Rischio Associato,Gap collegato,Applicabilita,Base di evidenza,Chiusura richiesta
A.5.1 Indirizzo,Politica ISMS approvata assente; AGENTS.md copre direttive tecniche.,"Leadership, politica, responsabilità e separazione dei compiti proporzionate.",M,R/I/D: decisioni e rischi senza responsabilità dimostrabili.,G02,Proposta da valutare in SoA; nessuna esclusione automatica,Fonti e prove del Gap Register G02; EVIDENCE_2026-10-02.json; conferma utente assenza documenti ISMS esterni,Applicabilita/owner da approvare in SoA; evidenze e criteri di remediation del G02
A.5.2 Ruoli,Ruoli/owner ISMS e owner rischi non formalizzati.,"Leadership, politica, responsabilità e separazione dei compiti proporzionate.",M,R/I/D: decisioni e rischi senza responsabilità dimostrabili.,G02,Proposta da valutare in SoA; nessuna esclusione automatica,Fonti e prove del Gap Register G02; EVIDENCE_2026-10-02.json; conferma utente assenza documenti ISMS esterni,Applicabilita/owner da approvare in SoA; evidenze e criteri di remediation del G02
A.5.3 Separazione compiti,Nessuna matrice segregazione o controllo compensativo; privilegi concentrati.,"Leadership, politica, responsabilità e separazione dei compiti proporzionate.",M,R/I/D: decisioni e rischi senza responsabilità dimostrabili.,G02,Proposta da valutare in SoA; nessuna esclusione automatica,Fonti e prove del Gap Register G02; EVIDENCE_2026-10-02.json; conferma utente assenza documenti ISMS esterni,Applicabilita/owner da approvare in SoA; evidenze e criteri di remediation del G02
A.5.4 Direzione,Impegno della direzione non documentato come processo ISMS.,"Leadership, politica, responsabilità e separazione dei compiti proporzionate.",M,R/I/D: decisioni e rischi senza responsabilità dimostrabili.,G02,Proposta da valutare in SoA; nessuna esclusione automatica,Fonti e prove del Gap Register G02; EVIDENCE_2026-10-02.json; conferma utente assenza documenti ISMS esterni,Applicabilita/owner da approvare in SoA; evidenze e criteri di remediation del G02
A.5.5 Autorità,Contatti/escalation autorita non formalizzati.,"Preparare, valutare, rispondere e apprendere dagli incidenti, preservando evidenze.",M,R/I/D: ritardo o risposta errata; ripresa del servizio scambiata per chiusura delle cause.,G26,Proposta da valutare in SoA; nessuna esclusione automatica,Fonti e prove del Gap Register G26; EVIDENCE_2026-10-02.json; conferma utente assenza documenti ISMS esterni,Applicabilita/owner da approvare in SoA; evidenze e criteri di remediation del G26
A.5.6 Comunità,Nessun elenco di comunita/fonti competenti e referenti.,"Preparare, valutare, rispondere e apprendere dagli incidenti, preservando evidenze.",M,R/I/D: ritardo o risposta errata; ripresa del servizio scambiata per chiusura delle cause.,G26,Proposta da valutare in SoA; nessuna esclusione automatica,Fonti e prove del Gap Register G26; EVIDENCE_2026-10-02.json; conferma utente assenza documenti ISMS esterni,Applicabilita/owner da approvare in SoA; evidenze e criteri di remediation del G26
A.5.7 Minacce,Nessun processo di acquisizione/valutazione threat intelligence.,"Individuare, valutare e trattare vulnerabilità in tempi proporzionati, verificando patch e installazioni.","M, processo sistemico",R/I/D: esposizioni note senza decisione registrata. Severità scanner ≠ NC ISO; sfruttabilità e versione Vercel distribuita non accertate.,G20,Proposta da valutare in SoA; nessuna esclusione automatica,Fonti e prove del Gap Register G20; EVIDENCE_2026-10-02.json; conferma utente assenza documenti ISMS esterni,Applicabilita/owner da approvare in SoA; evidenze e criteri di remediation del G20
A.5.8 Progetti,Progetti descritti; security review basata sui rischi non formalizzata.,"Integrare sicurezza nei progetti, sviluppo, requisiti, review e accettazione.",m,R/I: regressioni e assunzioni non testate; i quattro difetti riprodotti sfuggono alla copertura attuale.,G29,Proposta da valutare in SoA; nessuna esclusione automatica,Fonti e prove del Gap Register G29; EVIDENCE_2026-10-02.json; conferma utente assenza documenti ISMS esterni,Applicabilita/owner da approvare in SoA; evidenze e criteri di remediation del G29
A.5.9 Inventario,"Inventario tecnico parziale, manca elenco asset con owner e classificazione.",Gestire asset/informazioni per tutto il ciclo di vita in base alla loro sensibilità.,m,R/I/D: dati e credenziali fuori dal perimetro di controllo.,G06,Proposta da valutare in SoA; nessuna esclusione automatica,Fonti e prove del Gap Register G06; EVIDENCE_2026-10-02.json; conferma utente assenza documenti ISMS esterni,Applicabilita/owner da approvare in SoA; evidenze e criteri di remediation del G06
A.5.10 Uso consentito,Regole uso accettabile non formalizzate.,Gestire asset/informazioni per tutto il ciclo di vita in base alla loro sensibilità.,m,R/I/D: dati e credenziali fuori dal perimetro di controllo.,G06,Proposta da valutare in SoA; nessuna esclusione automatica,Fonti e prove del Gap Register G06; EVIDENCE_2026-10-02.json; conferma utente assenza documenti ISMS esterni,Applicabilita/owner da approvare in SoA; evidenze e criteri di remediation del G06
A.5.11 Restituzione,Nessuna evidenza di restituzione asset e offboarding.,"Applicare e dimostrare controlli sulle persone, anche collaboratori/amministratori, secondo ruoli e rischio.",M,"R/I/D: accessi persistenti, errori umani, incidenti non segnalati.",G07,Proposta da valutare in SoA; nessuna esclusione automatica,Fonti e prove del Gap Register G07; EVIDENCE_2026-10-02.json; conferma utente assenza documenti ISMS esterni,Applicabilita/owner da approvare in SoA; evidenze e criteri di remediation del G07
A.5.12 Classificazione,PII riconosciuta tecnicamente; classificazione di tutti gli asset informativi assente.,Gestire asset/informazioni per tutto il ciclo di vita in base alla loro sensibilità.,m,R/I/D: dati e credenziali fuori dal perimetro di controllo.,G06,Proposta da valutare in SoA; nessuna esclusione automatica,Fonti e prove del Gap Register G06; EVIDENCE_2026-10-02.json; conferma utente assenza documenti ISMS esterni,Applicabilita/owner da approvare in SoA; evidenze e criteri di remediation del G06
A.5.13 Etichette,Nessuna regola di etichettatura per classi e supporti.,Gestire asset/informazioni per tutto il ciclo di vita in base alla loro sensibilità.,m,R/I/D: dati e credenziali fuori dal perimetro di controllo.,G06,Proposta da valutare in SoA; nessuna esclusione automatica,Fonti e prove del Gap Register G06; EVIDENCE_2026-10-02.json; conferma utente assenza documenti ISMS esterni,Applicabilita/owner da approvare in SoA; evidenze e criteri di remediation del G06
A.5.14 Trasferimenti,TLS presente; regole trasferimenti/destinatari non complete.,Proteggere canali secondo il rischio e attuare le misure dichiarate/contrattuali.,m,R: minore protezione rispetto al modello dichiarato. ISO non impone universalmente mTLS né TLS 1.3 esclusivo; decidere e documentare l'assetto.,G23,Proposta da valutare in SoA; nessuna esclusione automatica,Fonti e prove del Gap Register G23; EVIDENCE_2026-10-02.json; conferma utente assenza documenti ISMS esterni,Applicabilita/owner da approvare in SoA; evidenze e criteri di remediation del G23
A.5.15 Accessi,"API key, utenti e membership implementati; politica e ciclo accessi incompleti.","Identità e diritti devono seguire revoca, scadenza e cessazione effettive.",M,R/I: uso persistente di credenziali revocate; D per abuso. Anche revocare solo Redis può essere annullato da successivo caricamento della sorgente ancora attiva.,G11,Proposta da valutare in SoA; nessuna esclusione automatica,Fonti e prove del Gap Register G11; EVIDENCE_2026-10-02.json; conferma utente assenza documenti ISMS esterni,Applicabilita/owner da approvare in SoA; evidenze e criteri di remediation del G11
A.5.16 Identità,Revoca/cancellazione org non propagate alla cache runtime.,"Identità e diritti devono seguire revoca, scadenza e cessazione effettive.",M,R/I: uso persistente di credenziali revocate; D per abuso. Anche revocare solo Redis può essere annullato da successivo caricamento della sorgente ancora attiva.,G11,Proposta da valutare in SoA; nessuna esclusione automatica,Fonti e prove del Gap Register G11; EVIDENCE_2026-10-02.json; conferma utente assenza documenti ISMS esterni,Applicabilita/owner da approvare in SoA; evidenze e criteri di remediation del G11
A.5.17 Credenziali,"Hash API key implementato; credenziale dichiarata cliente in documento Git, validita non testata.",Limitare e rendere attribuibili privilegi e informazioni di autenticazione; gestire compromissione e ciclo di vita.,M,"R/I/D: compromissione del servizio e scarsa attribuibilità. Un segreto già committato va trattato come esposto, non basta cancellare il testo.",G12,Proposta da valutare in SoA; nessuna esclusione automatica,Fonti e prove del Gap Register G12; EVIDENCE_2026-10-02.json; conferma utente assenza documenti ISMS esterni,Applicabilita/owner da approvare in SoA; evidenze e criteri di remediation del G12
A.5.18 Autorizzazioni,Cache senza TTL e riesami accessi non documentati.,"Identità e diritti devono seguire revoca, scadenza e cessazione effettive.",M,R/I: uso persistente di credenziali revocate; D per abuso. Anche revocare solo Redis può essere annullato da successivo caricamento della sorgente ancora attiva.,G11,Proposta da valutare in SoA; nessuna esclusione automatica,Fonti e prove del Gap Register G11; EVIDENCE_2026-10-02.json; conferma utente assenza documenti ISMS esterni,Applicabilita/owner da approvare in SoA; evidenze e criteri di remediation del G11
A.5.19 Fornitori,Nessun inventario e risk assessment completo dei fornitori.,"Gestire rischi contrattuali, supply chain e ciclo di vita dei servizi cloud.",M,R/I/D: obblighi disallineati e dipendenze non governate. La regione UE non prova immunità giurisdizionale.,G09,Proposta da valutare in SoA; nessuna esclusione automatica,Fonti e prove del Gap Register G09; EVIDENCE_2026-10-02.json; conferma utente assenza documenti ISMS esterni,Applicabilita/owner da approvare in SoA; evidenze e criteri di remediation del G09
A.5.20 Accordi,DPA/condizioni OVH disponibili; accordi applicati e copertura altri fornitori da accertare.,"Gestire rischi contrattuali, supply chain e ciclo di vita dei servizi cloud.",M,R/I/D: obblighi disallineati e dipendenze non governate. La regione UE non prova immunità giurisdizionale.,G09,Proposta da valutare in SoA; nessuna esclusione automatica,Fonti e prove del Gap Register G09; EVIDENCE_2026-10-02.json; conferma utente assenza documenti ISMS esterni,Applicabilita/owner da approvare in SoA; evidenze e criteri di remediation del G09
A.5.21 Filiera,Dipendenze Python non bloccate; modello/dataset e azioni CI senza fascicolo di rilascio completo.,"Gestire rischi contrattuali, supply chain e ciclo di vita dei servizi cloud.",M,R/I/D: obblighi disallineati e dipendenze non governate. La regione UE non prova immunità giurisdizionale.,G09,Proposta da valutare in SoA; nessuna esclusione automatica,Fonti e prove del Gap Register G09; EVIDENCE_2026-10-02.json; conferma utente assenza documenti ISMS esterni,Applicabilita/owner da approvare in SoA; evidenze e criteri di remediation del G09
A.5.22 Riesame fornitori,Nessun registro riesami e cambi fornitori.,"Gestire rischi contrattuali, supply chain e ciclo di vita dei servizi cloud.",M,R/I/D: obblighi disallineati e dipendenze non governate. La regione UE non prova immunità giurisdizionale.,G09,Proposta da valutare in SoA; nessuna esclusione automatica,Fonti e prove del Gap Register G09; EVIDENCE_2026-10-02.json; conferma utente assenza documenti ISMS esterni,Applicabilita/owner da approvare in SoA; evidenze e criteri di remediation del G09
A.5.23 Cloud,"OVH/Vercel/Supabase/GitHub e Stripe da mappare per ruolo, regione, accessi ed exit.","Gestire rischi contrattuali, supply chain e ciclo di vita dei servizi cloud.",M,R/I/D: obblighi disallineati e dipendenze non governate. La regione UE non prova immunità giurisdizionale.,G09,Proposta da valutare in SoA; nessuna esclusione automatica,Fonti e prove del Gap Register G09; EVIDENCE_2026-10-02.json; conferma utente assenza documenti ISMS esterni,Applicabilita/owner da approvare in SoA; evidenze e criteri di remediation del G09
A.5.24 Preparazione incidenti,"Workflow issue disponibile, manca piano incidenti e referente/reperibilita formalizzati.","Preparare, valutare, rispondere e apprendere dagli incidenti, preservando evidenze.",M,R/I/D: ritardo o risposta errata; ripresa del servizio scambiata per chiusura delle cause.,G26,Proposta da valutare in SoA; nessuna esclusione automatica,Fonti e prove del Gap Register G26; EVIDENCE_2026-10-02.json; conferma utente assenza documenti ISMS esterni,Applicabilita/owner da approvare in SoA; evidenze e criteri di remediation del G26
A.5.25 Triage,Nessuna matrice triage/severita e decisione evento-incidente.,"Preparare, valutare, rispondere e apprendere dagli incidenti, preservando evidenze.",M,R/I/D: ritardo o risposta errata; ripresa del servizio scambiata per chiusura delle cause.,G26,Proposta da valutare in SoA; nessuna esclusione automatica,Fonti e prove del Gap Register G26; EVIDENCE_2026-10-02.json; conferma utente assenza documenti ISMS esterni,Applicabilita/owner da approvare in SoA; evidenze e criteri di remediation del G26
A.5.26 Risposta,Nessuna prova di risposta/comunicazione/containment end-to-end.,"Preparare, valutare, rispondere e apprendere dagli incidenti, preservando evidenze.",M,R/I/D: ritardo o risposta errata; ripresa del servizio scambiata per chiusura delle cause.,G26,Proposta da valutare in SoA; nessuna esclusione automatica,Fonti e prove del Gap Register G26; EVIDENCE_2026-10-02.json; conferma utente assenza documenti ISMS esterni,Applicabilita/owner da approvare in SoA; evidenze e criteri di remediation del G26
A.5.27 Lezioni,Autochiusura issue al recovery non prova post-mortem o apprendimento.,"Preparare, valutare, rispondere e apprendere dagli incidenti, preservando evidenze.",M,R/I/D: ritardo o risposta errata; ripresa del servizio scambiata per chiusura delle cause.,G26,Proposta da valutare in SoA; nessuna esclusione automatica,Fonti e prove del Gap Register G26; EVIDENCE_2026-10-02.json; conferma utente assenza documenti ISMS esterni,Applicabilita/owner da approvare in SoA; evidenze e criteri di remediation del G26
A.5.28 Evidenze,Nessun processo integrita/catena custodia delle evidenze.,"Preparare, valutare, rispondere e apprendere dagli incidenti, preservando evidenze.",M,R/I/D: ritardo o risposta errata; ripresa del servizio scambiata per chiusura delle cause.,G26,Proposta da valutare in SoA; nessuna esclusione automatica,Fonti e prove del Gap Register G26; EVIDENCE_2026-10-02.json; conferma utente assenza documenti ISMS esterni,Applicabilita/owner da approvare in SoA; evidenze e criteri di remediation del G26
A.5.29 Interruzioni,Nessun piano sicurezza durante indisponibilita e modalita degradate.,"Pianificare continuità e recupero per i servizi necessari, proteggere/verificare backup dove pertinenti.",M,D/I: perdita servizio/contatori e tempi di ripresa ignoti. Non introdurre backup del vault PII contrario alla retention: recuperare servizio/configurazioni e dati durevoli autorizzati.,G18,Proposta da valutare in SoA; nessuna esclusione automatica,Fonti e prove del Gap Register G18; EVIDENCE_2026-10-02.json; conferma utente assenza documenti ISMS esterni,Applicabilita/owner da approvare in SoA; evidenze e criteri di remediation del G18
A.5.30 Continuità ICT,Mancano BIA/RTO/RPO e drill cronometrato.,"Pianificare continuità e recupero per i servizi necessari, proteggere/verificare backup dove pertinenti.",M,D/I: perdita servizio/contatori e tempi di ripresa ignoti. Non introdurre backup del vault PII contrario alla retention: recuperare servizio/configurazioni e dati durevoli autorizzati.,G18,Proposta da valutare in SoA; nessuna esclusione automatica,Fonti e prove del Gap Register G18; EVIDENCE_2026-10-02.json; conferma utente assenza documenti ISMS esterni,Applicabilita/owner da approvare in SoA; evidenze e criteri di remediation del G18
A.5.31 Obblighi,Obblighi legali/contrattuali non censiti in registro approvato.,Identificare obblighi pertinenti e attuare protezioni privacy coerenti col trattamento reale.,M,R/I: governance privacy e contratti non dimostrati. Distinguere titolare/responsabile e dati di account/contenuti.,G10,Proposta da valutare in SoA; nessuna esclusione automatica,Fonti e prove del Gap Register G10; EVIDENCE_2026-10-02.json; conferma utente assenza documenti ISMS esterni,Applicabilita/owner da approvare in SoA; evidenze e criteri di remediation del G10
A.5.32 Proprietà intellettuale,Licenze/provenienza modello e dataset da documentare e verificare.,"Proteggere supply chain/IP, requisiti di sicurezza e dati di test/modello.",m,"R/I: falsi negativi, dati non autorizzati o modello non controllato.",G25,Proposta da valutare in SoA; nessuna esclusione automatica,Fonti e prove del Gap Register G25; EVIDENCE_2026-10-02.json; conferma utente assenza documenti ISMS esterni,Applicabilita/owner da approvare in SoA; evidenze e criteri di remediation del G25
A.5.33 Registrazioni,"Log locali modificabili dagli amministratori, retention applicativa non configurata.","Registrare eventi pertinenti, proteggere log/retention/integrità e sincronizzare gli orologi.",M,R: dati nei messaggi/trace; I: log alterabili dall'admin; D: crescita su disco. Nessun contenuto reale di log analizzato.,G16,Proposta da valutare in SoA; nessuna esclusione automatica,Fonti e prove del Gap Register G16; EVIDENCE_2026-10-02.json; conferma utente assenza documenti ISMS esterni,Applicabilita/owner da approvare in SoA; evidenze e criteri di remediation del G16
A.5.34 Privacy,Template GDPR incompleti; RoPA non sostituito dal log operativo.,Identificare obblighi pertinenti e attuare protezioni privacy coerenti col trattamento reale.,M,R/I: governance privacy e contratti non dimostrati. Distinguere titolare/responsabile e dati di account/contenuti.,G10,Proposta da valutare in SoA; nessuna esclusione automatica,Fonti e prove del Gap Register G10; EVIDENCE_2026-10-02.json; conferma utente assenza documenti ISMS esterni,Applicabilita/owner da approvare in SoA; evidenze e criteri di remediation del G10
A.5.35 Indipendenza,Audit indipendente ISMS non svolto/documentato.,Valutazione interna pianificata/imparziale e riesame con decisioni e risorse.,M,Tutte: inefficacia dei controlli non riesaminata; ostacolo alla certificazione.,G27,Proposta da valutare in SoA; nessuna esclusione automatica,Fonti e prove del Gap Register G27; EVIDENCE_2026-10-02.json; conferma utente assenza documenti ISMS esterni,Applicabilita/owner da approvare in SoA; evidenze e criteri di remediation del G27
A.5.36 Conformità,Nessun processo periodico di verifica conformita a regole interne.,Valutazione interna pianificata/imparziale e riesame con decisioni e risorse.,M,Tutte: inefficacia dei controlli non riesaminata; ostacolo alla certificazione.,G27,Proposta da valutare in SoA; nessuna esclusione automatica,Fonti e prove del Gap Register G27; EVIDENCE_2026-10-02.json; conferma utente assenza documenti ISMS esterni,Applicabilita/owner da approvare in SoA; evidenze e criteri di remediation del G27
A.5.37 Procedure,Runbook tecnici disponibili ma incompleti e in parte non allineati.,"Documenti identificati, aggiornati, approvati, accessibili e protetti; registrazioni conservate.",m,I/R: promesse e istruzioni non corrispondenti all'esercizio.,G05,Proposta da valutare in SoA; nessuna esclusione automatica,Fonti e prove del Gap Register G05; EVIDENCE_2026-10-02.json; conferma utente assenza documenti ISMS esterni,Applicabilita/owner da approvare in SoA; evidenze e criteri di remediation del G05
A.6.1 Screening,Screening proporzionato a ruoli/rischi non documentato; non accertata assenza di attivita informale.,"Applicare e dimostrare controlli sulle persone, anche collaboratori/amministratori, secondo ruoli e rischio.",M,"R/I/D: accessi persistenti, errori umani, incidenti non segnalati.",G07,Proposta da valutare in SoA; nessuna esclusione automatica,Fonti e prove del Gap Register G07; EVIDENCE_2026-10-02.json; conferma utente assenza documenti ISMS esterni,Applicabilita/owner da approvare in SoA; evidenze e criteri di remediation del G07
A.6.2 Assunzione,Termini contrattuali sicurezza per personale/collaboratori non reperiti.,"Applicare e dimostrare controlli sulle persone, anche collaboratori/amministratori, secondo ruoli e rischio.",M,"R/I/D: accessi persistenti, errori umani, incidenti non segnalati.",G07,Proposta da valutare in SoA; nessuna esclusione automatica,Fonti e prove del Gap Register G07; EVIDENCE_2026-10-02.json; conferma utente assenza documenti ISMS esterni,Applicabilita/owner da approvare in SoA; evidenze e criteri di remediation del G07
A.6.3 Formazione,Piano e registri competenze/training/awareness assenti.,"Applicare e dimostrare controlli sulle persone, anche collaboratori/amministratori, secondo ruoli e rischio.",M,"R/I/D: accessi persistenti, errori umani, incidenti non segnalati.",G07,Proposta da valutare in SoA; nessuna esclusione automatica,Fonti e prove del Gap Register G07; EVIDENCE_2026-10-02.json; conferma utente assenza documenti ISMS esterni,Applicabilita/owner da approvare in SoA; evidenze e criteri di remediation del G07
A.6.4 Disciplina,Processo disciplinare proporzionato e legalmente compatibile non formalizzato.,"Applicare e dimostrare controlli sulle persone, anche collaboratori/amministratori, secondo ruoli e rischio.",M,"R/I/D: accessi persistenti, errori umani, incidenti non segnalati.",G07,Proposta da valutare in SoA; nessuna esclusione automatica,Fonti e prove del Gap Register G07; EVIDENCE_2026-10-02.json; conferma utente assenza documenti ISMS esterni,Applicabilita/owner da approvare in SoA; evidenze e criteri di remediation del G07
A.6.5 Cessazione,Cessazione/cambio ruolo e revoca accessi non documentati.,"Applicare e dimostrare controlli sulle persone, anche collaboratori/amministratori, secondo ruoli e rischio.",M,"R/I/D: accessi persistenti, errori umani, incidenti non segnalati.",G07,Proposta da valutare in SoA; nessuna esclusione automatica,Fonti e prove del Gap Register G07; EVIDENCE_2026-10-02.json; conferma utente assenza documenti ISMS esterni,Applicabilita/owner da approvare in SoA; evidenze e criteri di remediation del G07
A.6.6 Riservatezza,TOM indica obblighi riservatezza da documentare; NDA firmati non forniti.,"Applicare e dimostrare controlli sulle persone, anche collaboratori/amministratori, secondo ruoli e rischio.",M,"R/I/D: accessi persistenti, errori umani, incidenti non segnalati.",G07,Proposta da valutare in SoA; nessuna esclusione automatica,Fonti e prove del Gap Register G07; EVIDENCE_2026-10-02.json; conferma utente assenza documenti ISMS esterni,Applicabilita/owner da approvare in SoA; evidenze e criteri di remediation del G07
A.6.7 Lavoro remoto,Regole remote working/BYOD/endpoint non formalizzate.,"Applicare e dimostrare controlli sulle persone, anche collaboratori/amministratori, secondo ruoli e rischio.",M,"R/I/D: accessi persistenti, errori umani, incidenti non segnalati.",G07,Proposta da valutare in SoA; nessuna esclusione automatica,Fonti e prove del Gap Register G07; EVIDENCE_2026-10-02.json; conferma utente assenza documenti ISMS esterni,Applicabilita/owner da approvare in SoA; evidenze e criteri di remediation del G07
A.6.8 Segnalazioni,Canale e tempi di segnalazione eventi non formalizzati.,"Preparare, valutare, rispondere e apprendere dagli incidenti, preservando evidenze.",M,R/I/D: ritardo o risposta errata; ripresa del servizio scambiata per chiusura delle cause.,G26,Proposta da valutare in SoA; nessuna esclusione automatica,Fonti e prove del Gap Register G26; EVIDENCE_2026-10-02.json; conferma utente assenza documenti ISMS esterni,Applicabilita/owner da approvare in SoA; evidenze e criteri di remediation del G26
A.7.1 Perimetri,Perimetri datacenter: responsabilita OVH da verificare sul servizio; sedi cliente non ispezionate.,"Proteggere sedi, datacenter, apparati e supporti; verificare responsabilità del fornitore e del cliente.","m, evidenza incompleta",R/D: furto dispositivi/credenziali e indisponibilità fisica. Cloud non rende A.7 automaticamente inapplicabile.,G08,Proposta da valutare in SoA; nessuna esclusione automatica,Fonti e prove del Gap Register G08; EVIDENCE_2026-10-02.json; conferma utente assenza documenti ISMS esterni,Applicabilita/owner da approvare in SoA; evidenze e criteri di remediation del G08
A.7.2 Ingressi,Controlli ingressi datacenter da qualificare via fornitore; registri sedi non disponibili.,"Proteggere sedi, datacenter, apparati e supporti; verificare responsabilità del fornitore e del cliente.","m, evidenza incompleta",R/D: furto dispositivi/credenziali e indisponibilità fisica. Cloud non rende A.7 automaticamente inapplicabile.,G08,Proposta da valutare in SoA; nessuna esclusione automatica,Fonti e prove del Gap Register G08; EVIDENCE_2026-10-02.json; conferma utente assenza documenti ISMS esterni,Applicabilita/owner da approvare in SoA; evidenze e criteri di remediation del G08
A.7.3 Locali,Sicurezza locali e postazioni remote non campionata.,"Proteggere sedi, datacenter, apparati e supporti; verificare responsabilità del fornitore e del cliente.","m, evidenza incompleta",R/D: furto dispositivi/credenziali e indisponibilità fisica. Cloud non rende A.7 automaticamente inapplicabile.,G08,Proposta da valutare in SoA; nessuna esclusione automatica,Fonti e prove del Gap Register G08; EVIDENCE_2026-10-02.json; conferma utente assenza documenti ISMS esterni,Applicabilita/owner da approvare in SoA; evidenze e criteri di remediation del G08
A.7.4 Sorveglianza,Sorveglianza fisica e retention registrazioni da verificare per fornitore/sedi pertinenti.,"Proteggere sedi, datacenter, apparati e supporti; verificare responsabilità del fornitore e del cliente.","m, evidenza incompleta",R/D: furto dispositivi/credenziali e indisponibilità fisica. Cloud non rende A.7 automaticamente inapplicabile.,G08,Proposta da valutare in SoA; nessuna esclusione automatica,Fonti e prove del Gap Register G08; EVIDENCE_2026-10-02.json; conferma utente assenza documenti ISMS esterni,Applicabilita/owner da approvare in SoA; evidenze e criteri di remediation del G08
A.7.5 Minacce ambientali,Misure ambientali datacenter e contesto climatico non qualificate nello scope.,"Proteggere sedi, datacenter, apparati e supporti; verificare responsabilità del fornitore e del cliente.","m, evidenza incompleta",R/D: furto dispositivi/credenziali e indisponibilità fisica. Cloud non rende A.7 automaticamente inapplicabile.,G08,Proposta da valutare in SoA; nessuna esclusione automatica,Fonti e prove del Gap Register G08; EVIDENCE_2026-10-02.json; conferma utente assenza documenti ISMS esterni,Applicabilita/owner da approvare in SoA; evidenze e criteri di remediation del G08
A.7.6 Aree protette,Procedure lavoro in aree protette da confermare in SoA e responsabilita fornitore.,"Proteggere sedi, datacenter, apparati e supporti; verificare responsabilità del fornitore e del cliente.","m, evidenza incompleta",R/D: furto dispositivi/credenziali e indisponibilità fisica. Cloud non rende A.7 automaticamente inapplicabile.,G08,Proposta da valutare in SoA; nessuna esclusione automatica,Fonti e prove del Gap Register G08; EVIDENCE_2026-10-02.json; conferma utente assenza documenti ISMS esterni,Applicabilita/owner da approvare in SoA; evidenze e criteri di remediation del G08
A.7.7 Scrivania/schermo,Clear desk e blocco schermo non formalizzati/verificati.,"Proteggere sedi, datacenter, apparati e supporti; verificare responsabilità del fornitore e del cliente.","m, evidenza incompleta",R/D: furto dispositivi/credenziali e indisponibilità fisica. Cloud non rende A.7 automaticamente inapplicabile.,G08,Proposta da valutare in SoA; nessuna esclusione automatica,Fonti e prove del Gap Register G08; EVIDENCE_2026-10-02.json; conferma utente assenza documenti ISMS esterni,Applicabilita/owner da approvare in SoA; evidenze e criteri di remediation del G08
A.7.8 Collocazione,Protezione collocazione apparati da verificare con OVH e per endpoint.,"Proteggere sedi, datacenter, apparati e supporti; verificare responsabilità del fornitore e del cliente.","m, evidenza incompleta",R/D: furto dispositivi/credenziali e indisponibilità fisica. Cloud non rende A.7 automaticamente inapplicabile.,G08,Proposta da valutare in SoA; nessuna esclusione automatica,Fonti e prove del Gap Register G08; EVIDENCE_2026-10-02.json; conferma utente assenza documenti ISMS esterni,Applicabilita/owner da approvare in SoA; evidenze e criteri di remediation del G08
A.7.9 Asset esterni,Regole asset fuori sede e dispositivi portatili non formalizzate.,"Proteggere sedi, datacenter, apparati e supporti; verificare responsabilità del fornitore e del cliente.","m, evidenza incompleta",R/D: furto dispositivi/credenziali e indisponibilità fisica. Cloud non rende A.7 automaticamente inapplicabile.,G08,Proposta da valutare in SoA; nessuna esclusione automatica,Fonti e prove del Gap Register G08; EVIDENCE_2026-10-02.json; conferma utente assenza documenti ISMS esterni,Applicabilita/owner da approvare in SoA; evidenze e criteri di remediation del G08
A.7.10 Supporti,"Inventario/supporti removibili, cifratura e smaltimento non documentati.","Proteggere sedi, datacenter, apparati e supporti; verificare responsabilità del fornitore e del cliente.","m, evidenza incompleta",R/D: furto dispositivi/credenziali e indisponibilità fisica. Cloud non rende A.7 automaticamente inapplicabile.,G08,Proposta da valutare in SoA; nessuna esclusione automatica,Fonti e prove del Gap Register G08; EVIDENCE_2026-10-02.json; conferma utente assenza documenti ISMS esterni,Applicabilita/owner da approvare in SoA; evidenze e criteri di remediation del G08
A.7.11 Utenze,Alimentazione/raffreddamento provider da attestare; nessuna evidenza specifica del servizio.,"Proteggere sedi, datacenter, apparati e supporti; verificare responsabilità del fornitore e del cliente.","m, evidenza incompleta",R/D: furto dispositivi/credenziali e indisponibilità fisica. Cloud non rende A.7 automaticamente inapplicabile.,G08,Proposta da valutare in SoA; nessuna esclusione automatica,Fonti e prove del Gap Register G08; EVIDENCE_2026-10-02.json; conferma utente assenza documenti ISMS esterni,Applicabilita/owner da approvare in SoA; evidenze e criteri di remediation del G08
A.7.12 Cablaggio,Cablaggio datacenter delegato al provider da verificare; sedi da qualificare.,"Proteggere sedi, datacenter, apparati e supporti; verificare responsabilità del fornitore e del cliente.","m, evidenza incompleta",R/D: furto dispositivi/credenziali e indisponibilità fisica. Cloud non rende A.7 automaticamente inapplicabile.,G08,Proposta da valutare in SoA; nessuna esclusione automatica,Fonti e prove del Gap Register G08; EVIDENCE_2026-10-02.json; conferma utente assenza documenti ISMS esterni,Applicabilita/owner da approvare in SoA; evidenze e criteri di remediation del G08
A.7.13 Manutenzione,Manutenzione fisica provider/endpoint e relative responsabilita non documentate.,"Proteggere sedi, datacenter, apparati e supporti; verificare responsabilità del fornitore e del cliente.","m, evidenza incompleta",R/D: furto dispositivi/credenziali e indisponibilità fisica. Cloud non rende A.7 automaticamente inapplicabile.,G08,Proposta da valutare in SoA; nessuna esclusione automatica,Fonti e prove del Gap Register G08; EVIDENCE_2026-10-02.json; conferma utente assenza documenti ISMS esterni,Applicabilita/owner da approvare in SoA; evidenze e criteri di remediation del G08
A.7.14 Dismissione,Dismissione/riuso/sanitizzazione supporti non dimostrati.,"Proteggere sedi, datacenter, apparati e supporti; verificare responsabilità del fornitore e del cliente.","m, evidenza incompleta",R/D: furto dispositivi/credenziali e indisponibilità fisica. Cloud non rende A.7 automaticamente inapplicabile.,G08,Proposta da valutare in SoA; nessuna esclusione automatica,Fonti e prove del Gap Register G08; EVIDENCE_2026-10-02.json; conferma utente assenza documenti ISMS esterni,Applicabilita/owner da approvare in SoA; evidenze e criteri di remediation del G08
A.8.1 Endpoint,"Endpoint amministrativi non ispezionati: cifratura, patch, blocco schermo, MDM/alternativa da verificare.","Proteggere sedi, datacenter, apparati e supporti; verificare responsabilità del fornitore e del cliente.","m, evidenza incompleta",R/D: furto dispositivi/credenziali e indisponibilità fisica. Cloud non rende A.7 automaticamente inapplicabile.,G08,Proposta da valutare in SoA; nessuna esclusione automatica,Fonti e prove del Gap Register G08; EVIDENCE_2026-10-02.json; conferma utente assenza documenti ISMS esterni,Applicabilita/owner da approvare in SoA; evidenze e criteri di remediation del G08
A.8.2 Privilegi,"Admin API condivisa, service role ampia, sudo/docker; MFA privilegiato non verificato.",Limitare e rendere attribuibili privilegi e informazioni di autenticazione; gestire compromissione e ciclo di vita.,M,"R/I/D: compromissione del servizio e scarsa attribuibilità. Un segreto già committato va trattato come esposto, non basta cancellare il testo.",G12,Proposta da valutare in SoA; nessuna esclusione automatica,Fonti e prove del Gap Register G12; EVIDENCE_2026-10-02.json; conferma utente assenza documenti ISMS esterni,Applicabilita/owner da approvare in SoA; evidenze e criteri di remediation del G12
A.8.3 Restrizioni,Membership handler presente; RLS/grants/RPC reali e accessi diretti non ispezionati.,Restrizioni e autorizzazioni verificate su tutti i canali di accesso.,O — verifica bloccante per chiusura,R/I: possibile bypass dei controlli del portale; non è dimostrata una RLS vulnerabile.,G21,Proposta da valutare in SoA; nessuna esclusione automatica,Fonti e prove del Gap Register G21; EVIDENCE_2026-10-02.json; conferma utente assenza documenti ISMS esterni,Applicabilita/owner da approvare in SoA; evidenze e criteri di remediation del G21
A.8.4 Sorgenti,Main senza branch protection/ruleset; access review repository non disponibile.,Limitare e rendere attribuibili privilegi e informazioni di autenticazione; gestire compromissione e ciclo di vita.,M,"R/I/D: compromissione del servizio e scarsa attribuibilità. Un segreto già committato va trattato come esposto, non basta cancellare il testo.",G12,Proposta da valutare in SoA; nessuna esclusione automatica,Fonti e prove del Gap Register G12; EVIDENCE_2026-10-02.json; conferma utente assenza documenti ISMS esterni,Applicabilita/owner da approvare in SoA; evidenze e criteri di remediation del G12
A.8.5 Autenticazione,Autenticazione presente; revoca/scadenza cache difettose; MFA tenant non verificata.,"Identità e diritti devono seguire revoca, scadenza e cessazione effettive.",M,R/I: uso persistente di credenziali revocate; D per abuso. Anche revocare solo Redis può essere annullato da successivo caricamento della sorgente ancora attiva.,G11,Proposta da valutare in SoA; nessuna esclusione automatica,Fonti e prove del Gap Register G11; EVIDENCE_2026-10-02.json; conferma utente assenza documenti ISMS esterni,Applicabilita/owner da approvare in SoA; evidenze e criteri di remediation del G11
A.8.6 Capacità,"Redis 100MiB allkeys-lru, app memoria illimitata; nessun test saturazione o forecast.","Gestire capacità, saturazione e configurazioni evitando perdita delle funzioni essenziali.",m,"I/D: eviction di DEK/indici, perdita contatori, DoS. Effetto in saturazione non riprodotto in produzione.",G24,Proposta da valutare in SoA; nessuna esclusione automatica,Fonti e prove del Gap Register G24; EVIDENCE_2026-10-02.json; conferma utente assenza documenti ISMS esterni,Applicabilita/owner da approvare in SoA; evidenze e criteri di remediation del G24
A.8.7 Malware,Misure antimalware server/endpoint da valutare; nessuna prova disponibile.,Valutare applicabilità e misure proporzionate; proteggere sistemi durante test/audit e attività esterne.,O,"R/I/D: esposizioni da qualificare nella SoA, senza imporre prodotti/strumenti specifici.",G30,Proposta da valutare in SoA; nessuna esclusione automatica,Fonti e prove del Gap Register G30; EVIDENCE_2026-10-02.json; conferma utente assenza documenti ISMS esterni,Applicabilita/owner da approvare in SoA; evidenze e criteri di remediation del G30
A.8.8 Vulnerabilità,npm audit 22 pacchetti segnalati; triage/SLA/patch record assenti. Aggiornamenti OS abilitati.,"Individuare, valutare e trattare vulnerabilità in tempi proporzionati, verificando patch e installazioni.","M, processo sistemico",R/I/D: esposizioni note senza decisione registrata. Severità scanner ≠ NC ISO; sfruttabilità e versione Vercel distribuita non accertate.,G20,Proposta da valutare in SoA; nessuna esclusione automatica,Fonti e prove del Gap Register G20; EVIDENCE_2026-10-02.json; conferma utente assenza documenti ISMS esterni,Applicabilita/owner da approvare in SoA; evidenze e criteri di remediation del G20
A.8.9 Configurazioni,Baseline in Git ma drift checkout produzione e no controllo continuo.,"Controllare, autorizzare, provare e tracciare cambiamenti e accettazione prima dell'esercizio.",M,"I/D: release non riproducibile, controlli aggirati e rollback inaffidabile.",G19,Proposta da valutare in SoA; nessuna esclusione automatica,Fonti e prove del Gap Register G19; EVIDENCE_2026-10-02.json; conferma utente assenza documenti ISMS esterni,Applicabilita/owner da approvare in SoA; evidenze e criteri di remediation del G19
A.8.10 Cancellazione,TTL Redis provata; swap/body temp/dump fuori copertura della promessa di cancellazione.,"Applicare conservazione, cancellazione e configurazioni coerenti con rischio e requisiti dichiarati.",M,"R: plaintext/segreti potenzialmente in swap, temporanei o dump, fuori dalla TTL. Nessuna ispezione di PII su disco né affermazione di leak storico.",G14,Proposta da valutare in SoA; nessuna esclusione automatica,Fonti e prove del Gap Register G14; EVIDENCE_2026-10-02.json; conferma utente assenza documenti ISMS esterni,Applicabilita/owner da approvare in SoA; evidenze e criteri di remediation del G14
A.8.11 Mascheramento,"Tokenizzazione implementata ma tronca copertura NER a 512 token, difetto riprodotto.","Mascheramento/DLP efficaci entro un limite dichiarato, con requisiti e collaudo verificabili.",M,"R: PII inviata a destinatari successivi. F1 medio non garantisce assenza di falsi negativi; la risposta include anche `tokens[].original`, da non inoltrare all'AI.",G15,Proposta da valutare in SoA; nessuna esclusione automatica,Fonti e prove del Gap Register G15; EVIDENCE_2026-10-02.json; conferma utente assenza documenti ISMS esterni,Applicabilita/owner da approvare in SoA; evidenze e criteri di remediation del G15
A.8.12 Fughe,"Coda testo non rilevata, originali nei metadata risposta e exception log senza sanitizzazione.","Mascheramento/DLP efficaci entro un limite dichiarato, con requisiti e collaudo verificabili.",M,"R: PII inviata a destinatari successivi. F1 medio non garantisce assenza di falsi negativi; la risposta include anche `tokens[].original`, da non inoltrare all'AI.",G15,Proposta da valutare in SoA; nessuna esclusione automatica,Fonti e prove del Gap Register G15; EVIDENCE_2026-10-02.json; conferma utente assenza documenti ISMS esterni,Applicabilita/owner da approvare in SoA; evidenze e criteri di remediation del G15
A.8.13 Backup,Elenco cosa salvare esiste; backup e restore non dimostrati; non fare backup vault PII.,"Pianificare continuità e recupero per i servizi necessari, proteggere/verificare backup dove pertinenti.",M,D/I: perdita servizio/contatori e tempi di ripresa ignoti. Non introdurre backup del vault PII contrario alla retention: recuperare servizio/configurazioni e dati durevoli autorizzati.,G18,Proposta da valutare in SoA; nessuna esclusione automatica,Fonti e prove del Gap Register G18; EVIDENCE_2026-10-02.json; conferma utente assenza documenti ISMS esterni,Applicabilita/owner da approvare in SoA; evidenze e criteri di remediation del G18
A.8.14 Ridondanza,"Singolo VPS/Redis, nessuna ridondanza provata; decisione guidata da BIA/SLA.","Pianificare continuità e recupero per i servizi necessari, proteggere/verificare backup dove pertinenti.",M,D/I: perdita servizio/contatori e tempi di ripresa ignoti. Non introdurre backup del vault PII contrario alla retention: recuperare servizio/configurazioni e dati durevoli autorizzati.,G18,Proposta da valutare in SoA; nessuna esclusione automatica,Fonti e prove del Gap Register G18; EVIDENCE_2026-10-02.json; conferma utente assenza documenti ISMS esterni,Applicabilita/owner da approvare in SoA; evidenze e criteri di remediation del G18
A.8.15 Log,"Log strutturati; exc_info conserva payload, json-file senza rotazione/protezione separata.","Registrare eventi pertinenti, proteggere log/retention/integrità e sincronizzare gli orologi.",M,R: dati nei messaggi/trace; I: log alterabili dall'admin; D: crescita su disco. Nessun contenuto reale di log analizzato.,G16,Proposta da valutare in SoA; nessuna esclusione automatica,Fonti e prove del Gap Register G16; EVIDENCE_2026-10-02.json; conferma utente assenza documenti ISMS esterni,Applicabilita/owner da approvare in SoA; evidenze e criteri di remediation del G16
A.8.16 Monitoraggio,Monitor GitHub disabilitato; health ignora NER; alert/ricezione non dimostrati.,"Monitorare efficacia, rilevare anomalie e dimostrare risultati e risposta.",M,D/R: indisponibilità o mancata protezione NER non rilevate tempestivamente.,G17,Proposta da valutare in SoA; nessuna esclusione automatica,Fonti e prove del Gap Register G17; EVIDENCE_2026-10-02.json; conferma utente assenza documenti ISMS esterni,Applicabilita/owner da approvare in SoA; evidenze e criteri di remediation del G17
A.8.17 Orologi,"NTP=yes e NTPSynchronized=yes sul VPS; nessun difetto riscontrato nel campione, restano altre fonti log da verificare.","Registrare eventi pertinenti, proteggere log/retention/integrità e sincronizzare gli orologi.",Nessun rilievo nel campione VPS,Verificare coerenza temporale delle altre fonti; nessuna anomalia NTP VPS osservata,G16,Proposta da valutare in SoA; nessuna esclusione automatica,Fonti e prove del Gap Register G16; EVIDENCE_2026-10-02.json; conferma utente assenza documenti ISMS esterni,Applicabilita/owner da approvare in SoA; evidenze e criteri di remediation del G16
A.8.18 Utility privilegiate,Utility privilegiate accessibili a sudo/docker; nessun processo nominativo/review provato.,Limitare e rendere attribuibili privilegi e informazioni di autenticazione; gestire compromissione e ciclo di vita.,M,"R/I/D: compromissione del servizio e scarsa attribuibilità. Un segreto già committato va trattato come esposto, non basta cancellare il testo.",G12,Proposta da valutare in SoA; nessuna esclusione automatica,Fonti e prove del Gap Register G12; EVIDENCE_2026-10-02.json; conferma utente assenza documenti ISMS esterni,Applicabilita/owner da approvare in SoA; evidenze e criteri di remediation del G12
A.8.19 Installazioni,Build/install Python senza lock completo e immagini per tag; cambio OS/app non governato integralmente.,"Individuare, valutare e trattare vulnerabilità in tempi proporzionati, verificando patch e installazioni.","M, processo sistemico",R/I/D: esposizioni note senza decisione registrata. Severità scanner ≠ NC ISO; sfruttabilità e versione Vercel distribuita non accertate.,G20,Proposta da valutare in SoA; nessuna esclusione automatica,Fonti e prove del Gap Register G20; EVIDENCE_2026-10-02.json; conferma utente assenza documenti ISMS esterni,Applicabilita/owner da approvare in SoA; evidenze e criteri di remediation del G20
A.8.20 Reti,UFW/SSH/loopback verificati; nessun mTLS operativo rispetto alle dichiarazioni.,Proteggere canali secondo il rischio e attuare le misure dichiarate/contrattuali.,m,R: minore protezione rispetto al modello dichiarato. ISO non impone universalmente mTLS né TLS 1.3 esclusivo; decidere e documentare l'assetto.,G23,Proposta da valutare in SoA; nessuna esclusione automatica,Fonti e prove del Gap Register G23; EVIDENCE_2026-10-02.json; conferma utente assenza documenti ISMS esterni,Applicabilita/owner da approvare in SoA; evidenze e criteri di remediation del G23
A.8.21 Servizi rete,TLS 1.2/1.3 e rinnovo configurati; requisiti/provider e garanzie trasporto da riallineare.,Proteggere canali secondo il rischio e attuare le misure dichiarate/contrattuali.,m,R: minore protezione rispetto al modello dichiarato. ISO non impone universalmente mTLS né TLS 1.3 esclusivo; decidere e documentare l'assetto.,G23,Proposta da valutare in SoA; nessuna esclusione automatica,Fonti e prove del Gap Register G23; EVIDENCE_2026-10-02.json; conferma utente assenza documenti ISMS esterni,Applicabilita/owner da approvare in SoA; evidenze e criteri di remediation del G23
A.8.22 Segmentazione,Redis rete Docker privata; test/live condividono namespace; segregazione completa non provata.,Separare sviluppo/test/produzione secondo rischio e proteggere informazioni di prova.,m,"R/I/D: credenziali test nel contesto operativo, contaminazione e accesso a richieste live conosciute.",G22,Proposta da valutare in SoA; nessuna esclusione automatica,Fonti e prove del Gap Register G22; EVIDENCE_2026-10-02.json; conferma utente assenza documenti ISMS esterni,Applicabilita/owner da approvare in SoA; evidenze e criteri di remediation del G22
A.8.23 Filtraggio web,"Filtraggio destinazioni web/egress da valutare su endpoint/server, senza assumere un prodotto obbligatorio.",Valutare applicabilità e misure proporzionate; proteggere sistemi durante test/audit e attività esterne.,O,"R/I/D: esposizioni da qualificare nella SoA, senza imporre prodotti/strumenti specifici.",G30,Proposta da valutare in SoA; nessuna esclusione automatica,Fonti e prove del Gap Register G30; EVIDENCE_2026-10-02.json; conferma utente assenza documenti ISMS esterni,Applicabilita/owner da approvare in SoA; evidenze e criteri di remediation del G30
A.8.24 Crittografia,AES-GCM/AAD/envelope reali; rotazione interrotta perde decifrabilita; ciclo KEK non formalizzato.,"Gestire crittografia e chiavi, inclusi cambi, compromissione, protezione e recupero previsti.",M,I/D: perdita di decifrabilità; R se si presume risolta una compromissione KEK con sola rotazione DEK.,G13,Proposta da valutare in SoA; nessuna esclusione automatica,Fonti e prove del Gap Register G13; EVIDENCE_2026-10-02.json; conferma utente assenza documenti ISMS esterni,Applicabilita/owner da approvare in SoA; evidenze e criteri di remediation del G13
A.8.25 SSDLC,Test e struttura codice esistono; SSDLC e gate approvazione incompleti.,"Integrare sicurezza nei progetti, sviluppo, requisiti, review e accettazione.",m,R/I: regressioni e assunzioni non testate; i quattro difetti riprodotti sfuggono alla copertura attuale.,G29,Proposta da valutare in SoA; nessuna esclusione automatica,Fonti e prove del Gap Register G29; EVIDENCE_2026-10-02.json; conferma utente assenza documenti ISMS esterni,Applicabilita/owner da approvare in SoA; evidenze e criteri di remediation del G29
A.8.26 Requisiti applicativi,Requisito 10000 caratteri incoerente con copertura NER e promesse privacy.,"Mascheramento/DLP efficaci entro un limite dichiarato, con requisiti e collaudo verificabili.",M,"R: PII inviata a destinatari successivi. F1 medio non garantisce assenza di falsi negativi; la risposta include anche `tokens[].original`, da non inoltrare all'AI.",G15,Proposta da valutare in SoA; nessuna esclusione automatica,Fonti e prove del Gap Register G15; EVIDENCE_2026-10-02.json; conferma utente assenza documenti ISMS esterni,Applicabilita/owner da approvare in SoA; evidenze e criteri di remediation del G15
A.8.27 Architettura,Architettura descritta; limiti modello/minimizzazione/cache e threat model non validati integralmente.,"Proteggere supply chain/IP, requisiti di sicurezza e dati di test/modello.",m,"R/I: falsi negativi, dati non autorizzati o modello non controllato.",G25,Proposta da valutare in SoA; nessuna esclusione automatica,Fonti e prove del Gap Register G25; EVIDENCE_2026-10-02.json; conferma utente assenza documenti ISMS esterni,Applicabilita/owner da approvare in SoA; evidenze e criteri di remediation del G25
A.8.28 Programmazione,Validazione input e crypto libreria esistono; review e check sicurezza non sistematici.,"Integrare sicurezza nei progetti, sviluppo, requisiti, review e accettazione.",m,R/I: regressioni e assunzioni non testate; i quattro difetti riprodotti sfuggono alla copertura attuale.,G29,Proposta da valutare in SoA; nessuna esclusione automatica,Fonti e prove del Gap Register G29; EVIDENCE_2026-10-02.json; conferma utente assenza documenti ISMS esterni,Applicabilita/owner da approvare in SoA; evidenze e criteri di remediation del G29
A.8.29 Collaudo sicurezza,Suite ampia ma quattro file esclusi CI; riproduzioni locali scoprono difetti non coperti.,"Controllare, autorizzare, provare e tracciare cambiamenti e accettazione prima dell'esercizio.",M,"I/D: release non riproducibile, controlli aggirati e rollback inaffidabile.",G19,Proposta da valutare in SoA; nessuna esclusione automatica,Fonti e prove del Gap Register G19; EVIDENCE_2026-10-02.json; conferma utente assenza documenti ISMS esterni,Applicabilita/owner da approvare in SoA; evidenze e criteri di remediation del G19
A.8.30 Sviluppo esterno,Sviluppo esterno/strumenti AI e accessi da censire; contratti e supervisione non accertati.,Valutare applicabilità e misure proporzionate; proteggere sistemi durante test/audit e attività esterne.,O,"R/I/D: esposizioni da qualificare nella SoA, senza imporre prodotti/strumenti specifici.",G30,Proposta da valutare in SoA; nessuna esclusione automatica,Fonti e prove del Gap Register G30; EVIDENCE_2026-10-02.json; conferma utente assenza documenti ISMS esterni,Applicabilita/owner da approvare in SoA; evidenze e criteri di remediation del G30
A.8.31 Ambienti separati,Attributo test/live non realizza separazione ambiente; staging non evidenziato.,Separare sviluppo/test/produzione secondo rischio e proteggere informazioni di prova.,m,"R/I/D: credenziali test nel contesto operativo, contaminazione e accesso a richieste live conosciute.",G22,Proposta da valutare in SoA; nessuna esclusione automatica,Fonti e prove del Gap Register G22; EVIDENCE_2026-10-02.json; conferma utente assenza documenti ISMS esterni,Applicabilita/owner da approvare in SoA; evidenze e criteri di remediation del G22
A.8.32 Modifiche,Deploy non vincolato allo SHA testato; checkout remoto sporco; rollback HEAD~1.,"Controllare, autorizzare, provare e tracciare cambiamenti e accettazione prima dell'esercizio.",M,"I/D: release non riproducibile, controlli aggirati e rollback inaffidabile.",G19,Proposta da valutare in SoA; nessuna esclusione automatica,Fonti e prove del Gap Register G19; EVIDENCE_2026-10-02.json; conferma utente assenza documenti ISMS esterni,Applicabilita/owner da approvare in SoA; evidenze e criteri di remediation del G19
A.8.33 Dati test,Dati sintetici usati nell audit; provenienza/uso fixture e dataset preesistenti da qualificare.,"Proteggere supply chain/IP, requisiti di sicurezza e dati di test/modello.",m,"R/I: falsi negativi, dati non autorizzati o modello non controllato.",G25,Proposta da valutare in SoA; nessuna esclusione automatica,Fonti e prove del Gap Register G25; EVIDENCE_2026-10-02.json; conferma utente assenza documenti ISMS esterni,Applicabilita/owner da approvare in SoA; evidenze e criteri di remediation del G25
A.8.34 Protezione durante audit,Audit corrente read-only e sintetico; programma/autorizzazioni/protezioni di audit ricorrenti da formalizzare.,Valutare applicabilità e misure proporzionate; proteggere sistemi durante test/audit e attività esterne.,O,"R/I/D: esposizioni da qualificare nella SoA, senza imporre prodotti/strumenti specifici.",G30,Proposta da valutare in SoA; nessuna esclusione automatica,Fonti e prove del Gap Register G30; EVIDENCE_2026-10-02.json; conferma utente assenza documenti ISMS esterni,Applicabilita/owner da approvare in SoA; evidenze e criteri di remediation del G30
